{"asset/DashboardIcons/Admin%20Panel%202.png":["asset/DashboardIcons/Admin%20Panel%202.png"],"asset/DashboardIcons/Admin%20Panel%202@3x.png":["asset/DashboardIcons/Admin%20Panel%202@3x.png"],"asset/DashboardIcons/Group.png":["asset/DashboardIcons/Group.png"],"asset/DashboardIcons/Template-banner-of-car-pick-up-and-drop-service-06-large.jpg":["asset/DashboardIcons/Template-banner-of-car-pick-up-and-drop-service-06-large.jpg"],"asset/DashboardIcons/Vector.png":["asset/DashboardIcons/Vector.png"],"asset/DashboardIcons/airplane%201.png":["asset/DashboardIcons/airplane%201.png"],"asset/DashboardIcons/background.png":["asset/DashboardIcons/background.png"],"asset/DashboardIcons/chat.png":["asset/DashboardIcons/chat.png"],"asset/DashboardIcons/check-circle%201.png":["asset/DashboardIcons/check-circle%201.png"],"asset/DashboardIcons/customers.png":["asset/DashboardIcons/customers.png"],"asset/DashboardIcons/deliverd.png":["asset/DashboardIcons/deliverd.png"],"asset/DashboardIcons/delivery-truck.png":["asset/DashboardIcons/delivery-truck.png"],"asset/DashboardIcons/doc.png":["asset/DashboardIcons/doc.png"],"asset/DashboardIcons/document.png":["asset/DashboardIcons/document.png"],"asset/DashboardIcons/filter.png":["asset/DashboardIcons/filter.png"],"asset/DashboardIcons/ic_dashboard.png":["asset/DashboardIcons/ic_dashboard.png"],"asset/DashboardIcons/ic_sort.png":["asset/DashboardIcons/ic_sort.png"],"asset/DashboardIcons/notification.png":["asset/DashboardIcons/notification.png"],"asset/DashboardIcons/notifications.png":["asset/DashboardIcons/notifications.png"],"asset/DashboardIcons/pendin.png":["asset/DashboardIcons/pendin.png"],"asset/DashboardIcons/pinloction.png":["asset/DashboardIcons/pinloction.png"],"asset/DashboardIcons/pngtree-send-express-delivery-logistics-poster-picture-image_1014463.jpg":["asset/DashboardIcons/pngtree-send-express-delivery-logistics-poster-picture-image_1014463.jpg"],"asset/DashboardIcons/profile.png":["asset/DashboardIcons/profile.png"],"asset/DashboardIcons/profileGroup.png":["asset/DashboardIcons/profileGroup.png"],"asset/DashboardIcons/promos.png":["asset/DashboardIcons/promos.png"],"asset/DashboardIcons/red_circle.png":["asset/DashboardIcons/red_circle.png"],"asset/DashboardIcons/refreshs.png":["asset/DashboardIcons/refreshs.png"],"asset/DashboardIcons/revenue.png":["asset/DashboardIcons/revenue.png"],"asset/DashboardIcons/setting.png":["asset/DashboardIcons/setting.png"],"asset/DashboardIcons/united-states%201.png":["asset/DashboardIcons/united-states%201.png"],"asset/DashboardIcons/x-circle%201.png":["asset/DashboardIcons/x-circle%201.png"],"asset/Group%208503.png":["asset/Group%208503.png"],"asset/Poppins-Regular.ttf":["asset/Poppins-Regular.ttf"],"asset/Truck.png":["asset/Truck.png"],"asset/Van.png":["asset/Van.png"],"asset/badge.png":["asset/badge.png"],"asset/bike.png":["asset/bike.png"],"asset/car.png":["asset/car.png"],"asset/delivery-truck.png":["asset/delivery-truck.png","asset/DashboardIcons/delivery-truck.png"],"asset/download.png":["asset/download.png"],"asset/drivers.png":["asset/drivers.png"],"asset/lock.png":["asset/lock.png"],"asset/logo.jpeg":["asset/logo.jpeg"],"asset/message.png":["asset/message.png"],"asset/miniTruck.png":["asset/miniTruck.png"],"asset/notificationsIcon.png":["asset/notificationsIcon.png"],"asset/orderlist.png":["asset/orderlist.png"],"asset/payments.png":["asset/payments.png"],"asset/profileImage.png":["asset/profileImage.png"],"asset/promotion.png":["asset/promotion.png"],"asset/reviewIcon.png":["asset/reviewIcon.png"],"asset/support.png":["asset/support.png"],"packages/cupertino_icons/assets/CupertinoIcons.ttf":["packages/cupertino_icons/assets/CupertinoIcons.ttf"],"packages/im_stepper/assets/me.jpg":["packages/im_stepper/assets/me.jpg"]}